
{
  "header": {
    "reportVersion": 1,
    "event": "Allocation failed - JavaScript heap out of memory",
    "trigger": "FatalError",
    "filename": "report.20200220.134139.3741.0.001.json",
    "dumpEventTime": "2020-02-20T13:41:39Z",
    "dumpEventTimeStamp": "1582186299363",
    "processId": 3741,
    "cwd": "/home/telth/Documents/IOTR-Malaysia/IOTR-React-Redux/IOTR-MobileApp-ReactNative-Redux-Hooks-master",
    "commandLine": [
      "node",
      "/home/linuxbrew/.linuxbrew/bin/expo",
      "start",
      "--web"
    ],
    "nodejsVersion": "v13.2.0",
    "glibcVersionRuntime": "2.30",
    "glibcVersionCompiler": "2.23",
    "wordSize": 64,
    "arch": "x64",
    "platform": "linux",
    "componentVersions": {
      "node": "13.2.0",
      "v8": "7.9.317.23-node.20",
      "uv": "1.33.1",
      "zlib": "1.2.11",
      "brotli": "1.0.7",
      "ares": "1.15.0",
      "modules": "79",
      "nghttp2": "1.40.0",
      "napi": "5",
      "llhttp": "1.1.4",
      "openssl": "1.1.1d",
      "cldr": "35.1",
      "icu": "64.2",
      "tz": "2019a",
      "unicode": "12.1"
    },
    "release": {
      "name": "node",
      "headersUrl": "https://nodejs.org/download/release/v13.2.0/node-v13.2.0-headers.tar.gz",
      "sourceUrl": "https://nodejs.org/download/release/v13.2.0/node-v13.2.0.tar.gz"
    },
    "osName": "Linux",
    "osRelease": "5.3.0-40-generic",
    "osVersion": "#32-Ubuntu SMP Fri Jan 31 20:24:34 UTC 2020",
    "osMachine": "x86_64",
    "cpus": [
      {
        "model": "Intel(R) Core(TM) i5-2410M CPU @ 2.30GHz",
        "speed": 1699,
        "user": 6878100,
        "nice": 1759400,
        "sys": 1723800,
        "idle": 5376600,
        "irq": 0
      },
      {
        "model": "Intel(R) Core(TM) i5-2410M CPU @ 2.30GHz",
        "speed": 1728,
        "user": 6790200,
        "nice": 1789000,
        "sys": 1664700,
        "idle": 6370900,
        "irq": 0
      },
      {
        "model": "Intel(R) Core(TM) i5-2410M CPU @ 2.30GHz",
        "speed": 1728,
        "user": 6884600,
        "nice": 1826500,
        "sys": 1706600,
        "idle": 6396400,
        "irq": 0
      },
      {
        "model": "Intel(R) Core(TM) i5-2410M CPU @ 2.30GHz",
        "speed": 1728,
        "user": 6724800,
        "nice": 1778000,
        "sys": 1658200,
        "idle": 4647200,
        "irq": 0
      }
    ],
    "networkInterfaces": [
      {
        "name": "lo",
        "internal": true,
        "mac": "00:00:00:00:00:00",
        "address": "127.0.0.1",
        "netmask": "255.0.0.0",
        "family": "IPv4"
      },
      {
        "name": "wlp10s0",
        "internal": false,
        "mac": "90:00:4e:82:3c:ca",
        "address": "10.0.0.2",
        "netmask": "255.255.255.0",
        "family": "IPv4"
      },
      {
        "name": "lo",
        "internal": true,
        "mac": "00:00:00:00:00:00",
        "address": "::1",
        "netmask": "ffff:ffff:ffff:ffff:ffff:ffff:ffff:ffff",
        "family": "IPv6",
        "scopeid": 0
      },
      {
        "name": "wlp10s0",
        "internal": false,
        "mac": "90:00:4e:82:3c:ca",
        "address": "fe80::ff91:1484:c84b:44fd",
        "netmask": "ffff:ffff:ffff:ffff::",
        "family": "IPv6",
        "scopeid": 3
      }
    ],
    "host": "telth-HP-Pavilion-dv4-Notebook-PC"
  },
  "javascriptStack": {
    "message": "No stack.",
    "stack": [
      "Unavailable."
    ]
  },
  "nativeStack": [
    {
      "pc": "0x0000000000a90f61",
      "symbol": "report::TriggerNodeReport(v8::Isolate*, node::Environment*, char const*, char const*, std::__cxx11::basic_string<char, std::char_traits<char>, std::allocator<char> > const&, v8::Local<v8::String>) [node]"
    },
    {
      "pc": "0x000000000097ac91",
      "symbol": "node::OnFatalError(char const*, char const*) [node]"
    },
    {
      "pc": "0x0000000000abd5ce",
      "symbol": "v8::Utils::ReportOOMFailure(v8::internal::Isolate*, char const*, bool) [node]"
    },
    {
      "pc": "0x0000000000abd821",
      "symbol": "v8::internal::V8::FatalProcessOutOfMemory(v8::internal::Isolate*, char const*, bool) [node]"
    },
    {
      "pc": "0x0000000000c42a95",
      "symbol": " [node]"
    },
    {
      "pc": "0x0000000000c42b98",
      "symbol": "v8::internal::Heap::CheckIneffectiveMarkCompact(unsigned long, double) [node]"
    },
    {
      "pc": "0x0000000000c53fd9",
      "symbol": "v8::internal::Heap::PerformGarbageCollection(v8::internal::GarbageCollector, v8::GCCallbackFlags) [node]"
    },
    {
      "pc": "0x0000000000c54e04",
      "symbol": "v8::internal::Heap::CollectGarbage(v8::internal::AllocationSpace, v8::internal::GarbageCollectionReason, v8::GCCallbackFlags) [node]"
    },
    {
      "pc": "0x0000000000c57365",
      "symbol": "v8::internal::Heap::AllocateRawWithLightRetrySlowPath(int, v8::internal::AllocationType, v8::internal::AllocationOrigin, v8::internal::AllocationAlignment) [node]"
    },
    {
      "pc": "0x0000000000c578d5",
      "symbol": "v8::internal::Heap::AllocateRawWithRetryOrFailSlowPath(int, v8::internal::AllocationType, v8::internal::AllocationOrigin, v8::internal::AllocationAlignment) [node]"
    },
    {
      "pc": "0x0000000000c20f44",
      "symbol": "v8::internal::Factory::NewFillerObject(int, bool, v8::internal::AllocationType, v8::internal::AllocationOrigin) [node]"
    },
    {
      "pc": "0x0000000000f0622e",
      "symbol": "v8::internal::Runtime_AllocateInYoungGeneration(int, unsigned long*, v8::internal::Isolate*) [node]"
    },
    {
      "pc": "0x0000000001244879",
      "symbol": " [node]"
    }
  ],
  "javascriptHeap": {
    "totalMemory": 2165084160,
    "totalCommittedMemory": 2152286584,
    "usedMemory": 2139300608,
    "availableMemory": 49283392,
    "memoryLimit": 2197815296,
    "heapSpaces": {
      "read_only_space": {
        "memorySize": 262144,
        "committedMemory": 33328,
        "capacity": 33040,
        "used": 33040,
        "available": 0
      },
      "new_space": {
        "memorySize": 16777216,
        "committedMemory": 4478192,
        "capacity": 8379392,
        "used": 410184,
        "available": 7969208
      },
      "old_space": {
        "memorySize": 2084147200,
        "committedMemory": 2084091272,
        "capacity": 2078024648,
        "used": 2077820992,
        "available": 203656
      },
      "code_space": {
        "memorySize": 2527232,
        "committedMemory": 2313856,
        "capacity": 2078464,
        "used": 2078464,
        "available": 0
      },
      "map_space": {
        "memorySize": 6295552,
        "committedMemory": 6295120,
        "capacity": 4076960,
        "used": 4076960,
        "available": 0
      },
      "large_object_space": {
        "memorySize": 54452224,
        "committedMemory": 54452224,
        "capacity": 54336424,
        "used": 54336424,
        "available": 0
      },
      "code_large_object_space": {
        "memorySize": 622592,
        "committedMemory": 622592,
        "capacity": 544544,
        "used": 544544,
        "available": 0
      },
      "new_large_object_space": {
        "memorySize": 0,
        "committedMemory": 0,
        "capacity": 8379392,
        "used": 0,
        "available": 8379392
      }
    }
  },
  "resourceUsage": {
    "userCpuSeconds": 560.536,
    "kernelCpuSeconds": 177.635,
    "cpuConsumptionPercent": 36.2381,
    "maxRss": 2322120704,
    "pageFaults": {
      "IORequired": 48,
      "IONotRequired": 22422806
    },
    "fsActivity": {
      "reads": 78080,
      "writes": 1040
    }
  },
  "uvthreadResourceUsage": {
    "userCpuSeconds": 344.009,
    "kernelCpuSeconds": 162.429,
    "cpuConsumptionPercent": 24.8619,
    "fsActivity": {
      "reads": 54064,
      "writes": 0
    }
  },
  "libuv": [
  ],
  "environmentVariables": {
    "SHELL": "/bin/bash",
    "SESSION_MANAGER": "local/telth-HP-Pavilion-dv4-Notebook-PC:@/tmp/.ICE-unix/1669,unix/telth-HP-Pavilion-dv4-Notebook-PC:/tmp/.ICE-unix/1669",
    "COLORTERM": "truecolor",
    "XDG_CONFIG_DIRS": "/etc/xdg/xdg-ubuntu:/etc/xdg",
    "XDG_MENU_PREFIX": "gnome-",
    "GNOME_DESKTOP_SESSION_ID": "this-is-deprecated",
    "GTK_IM_MODULE": "ibus",
    "LANGUAGE": "en_IN:en",
    "QT4_IM_MODULE": "ibus",
    "GNOME_SHELL_SESSION_MODE": "ubuntu",
    "SSH_AUTH_SOCK": "/run/user/1000/keyring/ssh",
    "XMODIFIERS": "@im=ibus",
    "HOMEBREW_PREFIX": "/home/linuxbrew/.linuxbrew",
    "DESKTOP_SESSION": "ubuntu",
    "SSH_AGENT_PID": "1587",
    "GTK_MODULES": "gail:atk-bridge",
    "DBUS_STARTER_BUS_TYPE": "session",
    "PWD": "/home/telth/Documents/IOTR-Malaysia/IOTR-React-Redux/IOTR-MobileApp-ReactNative-Redux-Hooks-master",
    "LOGNAME": "telth",
    "XDG_SESSION_DESKTOP": "ubuntu",
    "XDG_SESSION_TYPE": "x11",
    "MANPATH": "/home/linuxbrew/.linuxbrew/share/man:",
    "GPG_AGENT_INFO": "/run/user/1000/gnupg/S.gpg-agent:0:1",
    "XAUTHORITY": "/run/user/1000/gdm/Xauthority",
    "WINDOWPATH": "2",
    "HOME": "/home/telth",
    "USERNAME": "telth",
    "IM_CONFIG_PHASE": "1",
    "LANG": "en_IN",
    "LS_COLORS": "rs=0:di=01;34:ln=01;36:mh=00:pi=40;33:so=01;35:do=01;35:bd=40;33;01:cd=40;33;01:or=40;31;01:mi=00:su=37;41:sg=30;43:ca=30;41:tw=30;42:ow=34;42:st=37;44:ex=01;32:*.tar=01;31:*.tgz=01;31:*.arc=01;31:*.arj=01;31:*.taz=01;31:*.lha=01;31:*.lz4=01;31:*.lzh=01;31:*.lzma=01;31:*.tlz=01;31:*.txz=01;31:*.tzo=01;31:*.t7z=01;31:*.zip=01;31:*.z=01;31:*.dz=01;31:*.gz=01;31:*.lrz=01;31:*.lz=01;31:*.lzo=01;31:*.xz=01;31:*.zst=01;31:*.tzst=01;31:*.bz2=01;31:*.bz=01;31:*.tbz=01;31:*.tbz2=01;31:*.tz=01;31:*.deb=01;31:*.rpm=01;31:*.jar=01;31:*.war=01;31:*.ear=01;31:*.sar=01;31:*.rar=01;31:*.alz=01;31:*.ace=01;31:*.zoo=01;31:*.cpio=01;31:*.7z=01;31:*.rz=01;31:*.cab=01;31:*.wim=01;31:*.swm=01;31:*.dwm=01;31:*.esd=01;31:*.jpg=01;35:*.jpeg=01;35:*.mjpg=01;35:*.mjpeg=01;35:*.gif=01;35:*.bmp=01;35:*.pbm=01;35:*.pgm=01;35:*.ppm=01;35:*.tga=01;35:*.xbm=01;35:*.xpm=01;35:*.tif=01;35:*.tiff=01;35:*.png=01;35:*.svg=01;35:*.svgz=01;35:*.mng=01;35:*.pcx=01;35:*.mov=01;35:*.mpg=01;35:*.mpeg=01;35:*.m2v=01;35:*.mkv=01;35:*.webm=01;35:*.ogm=01;35:*.mp4=01;35:*.m4v=01;35:*.mp4v=01;35:*.vob=01;35:*.qt=01;35:*.nuv=01;35:*.wmv=01;35:*.asf=01;35:*.rm=01;35:*.rmvb=01;35:*.flc=01;35:*.avi=01;35:*.fli=01;35:*.flv=01;35:*.gl=01;35:*.dl=01;35:*.xcf=01;35:*.xwd=01;35:*.yuv=01;35:*.cgm=01;35:*.emf=01;35:*.ogv=01;35:*.ogx=01;35:*.aac=00;36:*.au=00;36:*.flac=00;36:*.m4a=00;36:*.mid=00;36:*.midi=00;36:*.mka=00;36:*.mp3=00;36:*.mpc=00;36:*.ogg=00;36:*.ra=00;36:*.wav=00;36:*.oga=00;36:*.opus=00;36:*.spx=00;36:*.xspf=00;36:",
    "XDG_CURRENT_DESKTOP": "ubuntu:GNOME",
    "VTE_VERSION": "5802",
    "GNOME_TERMINAL_SCREEN": "/org/gnome/Terminal/screen/6c5c1b19_aaf6_4d5c_8c97_045c35eb04c4",
    "INVOCATION_ID": "a53a61ec0310434f934d431a78d9c8b9",
    "MANAGERPID": "1338",
    "CLUTTER_IM_MODULE": "ibus",
    "INFOPATH": "/home/linuxbrew/.linuxbrew/share/info",
    "LESSCLOSE": "/usr/bin/lesspipe %s %s",
    "XDG_SESSION_CLASS": "user",
    "TERM": "xterm-256color",
    "LESSOPEN": "| /usr/bin/lesspipe %s",
    "USER": "telth",
    "HOMEBREW_CELLAR": "/home/linuxbrew/.linuxbrew/Cellar",
    "GNOME_TERMINAL_SERVICE": ":1.132",
    "DISPLAY": ":0",
    "SHLVL": "1",
    "QT_IM_MODULE": "ibus",
    "HOMEBREW_REPOSITORY": "/home/linuxbrew/.linuxbrew/Homebrew",
    "DBUS_STARTER_ADDRESS": "unix:path=/run/user/1000/bus,guid=d8f17427139aa5c41d2ac5ee5e4e34f7",
    "XDG_RUNTIME_DIR": "/run/user/1000",
    "JOURNAL_STREAM": "9:37161",
    "XDG_DATA_DIRS": "/usr/share/ubuntu:/usr/local/share/:/usr/share/:/var/lib/snapd/desktop",
    "PATH": "/home/linuxbrew/.linuxbrew/lib/node_modules/expo-cli/node_modules/@expo/xdl/binaries/linux/adb:/home/linuxbrew/.linuxbrew/bin:/home/linuxbrew/.linuxbrew/sbin:/usr/local/sbin:/usr/local/bin:/usr/sbin:/usr/bin:/sbin:/bin:/usr/games:/usr/local/games:/snap/bin:/home/linuxbrew/.linuxbrew/bin",
    "GDMSESSION": "ubuntu",
    "DBUS_SESSION_BUS_ADDRESS": "unix:path=/run/user/1000/bus,guid=d8f17427139aa5c41d2ac5ee5e4e34f7",
    "_": "/home/linuxbrew/.linuxbrew/bin/expo",
    "BABEL_ENV": "development",
    "NODE_ENV": "development"
  },
  "userLimits": {
    "core_file_size_blocks": {
      "soft": 0,
      "hard": "unlimited"
    },
    "data_seg_size_kbytes": {
      "soft": "unlimited",
      "hard": "unlimited"
    },
    "file_size_blocks": {
      "soft": "unlimited",
      "hard": "unlimited"
    },
    "max_locked_memory_bytes": {
      "soft": 67108864,
      "hard": 67108864
    },
    "max_memory_size_kbytes": {
      "soft": "unlimited",
      "hard": "unlimited"
    },
    "open_files": {
      "soft": 1048576,
      "hard": 1048576
    },
    "stack_size_bytes": {
      "soft": 8388608,
      "hard": "unlimited"
    },
    "cpu_time_seconds": {
      "soft": "unlimited",
      "hard": "unlimited"
    },
    "max_user_processes": {
      "soft": 31043,
      "hard": 31043
    },
    "virtual_memory_kbytes": {
      "soft": "unlimited",
      "hard": "unlimited"
    }
  },
  "sharedObjects": [
    "linux-vdso.so.1",
    "/home/linuxbrew/.linuxbrew/lib/libicui18n.so.64",
    "/home/linuxbrew/.linuxbrew/lib/libicuuc.so.64",
    "/lib/x86_64-linux-gnu/libdl.so.2",
    "/lib/x86_64-linux-gnu/libstdc++.so.6",
    "/lib/x86_64-linux-gnu/libm.so.6",
    "/lib/x86_64-linux-gnu/libgcc_s.so.1",
    "/lib/x86_64-linux-gnu/libpthread.so.0",
    "/lib/x86_64-linux-gnu/libc.so.6",
    "/home/linuxbrew/.linuxbrew/Cellar/icu4c/64.2/lib/libicudata.so.64",
    "/home/linuxbrew/.linuxbrew/lib/ld.so",
    "/lib/x86_64-linux-gnu/libnss_files.so.2",
    "/lib/x86_64-linux-gnu/libnss_mdns4_minimal.so.2",
    "/lib/x86_64-linux-gnu/libresolv.so.2",
    "/lib/x86_64-linux-gnu/libnss_dns.so.2"
  ]
}